5793cf6b3fd833521db8c420955e6f01,SUBSCRIPTION_PURCHASED
5793cf6b3fd833521db8c420955e6f02,SUBSCRIPTION_PURCHASED
5793cf6b3fd833521db8c420955e6f03,SUBSCRIPTION_PURCHASED
5793cf6b3fd833521db8c420955e6f04,SUBSCRIPTION_PURCHASED
5793cf6b3fd833521db8c420955e6f05,SUBSCRIPTION_PURCHASED
5793cf6b3fd833521db8c420955e6f06,SUBSCRIPTION_PURCHASED
5793cf6b3fd833521db8c420955e6f07,SUBSCRIPTION_PURCHASED
5793cf6b3fd833521db8c420955e6f08,SUBSCRIPTION_PURCHASED
5793cf6b3fd833521db8c420955e6f09,SUBSCRIPTION_PURCHASED
5793cf6b3fd833521db8c420955e6f00,SUBSCRIPTION_PURCHASED
5793cf6b3fd833521db8c420955e6f06,SUBSCRIPTION_CANCELED
5793cf6b3fd833521db8c420955e6f03,SUBSCRIPTION_CANCELED
5793cf6b3fd833521db8c420955e6f08,SUBSCRIPTION_CANCELED
5793cf6b3fd833521db8c420955e6f00,SUBSCRIPTION_CANCELED
5793cf6b3fd833521db8c420955e6f06,SUBSCRIPTION_RESTARTED
5793cf6b3fd833521db8c420955e6f00,SUBSCRIPTION_RESTARTED